item_sku,component_sku,qty,unit,waste_pct,yield_qty,yield_unit
BULGOGI-BOWL,BULGOGI-150,1,pcs,,,
BULGOGI-BOWL,RICE,180,g,,,
BULGOGI-BOWL,GOCHUJANG-50,1,pcs,,,
BULGOGI-BOWL,BOWL-750,1,pcs,,,
BULGOGI-BOWL,LID-750,1,pcs,,,
BULGOGI-BOWL,SPOON,1,pcs,,,
SPICY-PORK-BOWL,SPICY-PORK-150,1,pcs,,,
SPICY-PORK-BOWL,RICE,180,g,,,
SPICY-PORK-BOWL,BOWL-750,1,pcs,,,
SPICY-PORK-BOWL,LID-750,1,pcs,,,
SPICY-PORK-BOWL,SPOON,1,pcs,,,
JAPCHAE,JAPCHAE-NOODLE,1,pcs,,,
JAPCHAE,ONION,40,g,,,
JAPCHAE,COOKING-OIL,15,ml,,,
JAPCHAE,BOWL-750,1,pcs,,,
JAPCHAE,LID-750,1,pcs,,,
KIMCHI-JJIGAE,KIMCHI-SOUP-300,1,pcs,,,
KIMCHI-JJIGAE,RICE,150,g,,,
KIMCHI-JJIGAE,BOWL-750,2,pcs,,,
KIMCHI-JJIGAE,LID-750,2,pcs,,,
EGG-TOPPING,EGG,1,pcs,,,
EGG-TOPPING,COOKING-OIL,5,ml,,,
